{"b4w_format_version": "5.01", "b4w_filepath_blend": "nlas.blend", "actions": [{"name": "cube_rotation", "uuid": "33a49043c1ef0b4ee9c4fb3451477ee0", "frame_range": [1, 20], "fcurves": {"rotation_euler": {"0": {"bin_data_pos": [3036, 19], "last_frame_offset": 12}, "2": {"bin_data_pos": [3055, 19], "last_frame_offset": 12}, "1": {"bin_data_pos": [3074, 19], "last_frame_offset": 12}}}}, {"name": "mouvement", "uuid": "b5da942487a2d0897acbde1b5ed2b0d1", "frame_range": [1, 80], "fcurves": {"location": {"0": {"bin_data_pos": [3093, 33], "last_frame_offset": 26}, "2": {"bin_data_pos": [3126, 33], "last_frame_offset": 26}, "1": {"bin_data_pos": [3159, 33], "last_frame_offset": 26}}}}, {"name": "mvtsphere", "uuid": "26f99bdf4c4efb2343784ab437cdb34e", "frame_range": [1, 20], "fcurves": {"location": {"0": {"bin_data_pos": [3192, 12], "last_frame_offset": 5}, "2": {"bin_data_pos": [3204, 12], "last_frame_offset": 5}, "1": {"bin_data_pos": [3216, 12], "last_frame_offset": 5}}}}], "images": [], "textures": [{"name": "Tex", "uuid": "83a616815947c91de1ec477bb3eb8ba8", "type": "NONE", "b4w_source_type": "NONE", "b4w_source_id": "", "b4w_source_size": "128", "b4w_enable_canvas_mipmapping": true, "extension": "REPEAT", "b4w_use_map_parallax": false, "b4w_parallax_scale": 0.02, "b4w_parallax_steps": 5, "b4w_parallax_lod_dist": 5, "b4w_water_foam": false, "b4w_foam_uv_freq": [1, 1], "b4w_foam_uv_magnitude": [1, 1], "b4w_shore_dist_map": false, "b4w_anisotropic_filtering": "DEFAULT", "b4w_shore_boundings": [0, 0, 0, 0], "b4w_max_shore_dist": 100, "b4w_disable_compression": false, "b4w_use_as_skydome": false, "b4w_use_as_environment_lighting": false, "image": null, "frame_duration": 0, "frame_offset": 0, "frame_start": 0, "use_auto_refresh": false, "use_cyclic": false, "movie_length": 0, "noise_intensity": null, "noise_scale": null, "use_color_ramp": false, "color_ramp": null}], "materials": [{"name": "mat_sol", "uuid": "47525147456a6c461fa9782bd1202c77", "use_nodes": false, "diffuse_color": [0.8, 0.8, 0.8], "diffuse_shader": "LAMBERT", "roughness": 0.5, "diffuse_fresnel": 0.1, "diffuse_fresnel_factor": 0.5, "diffuse_intensity": 0.8, "alpha": 1, "specular_alpha": 1, "raytrace_transparency": {"fresnel": 0, "fresnel_factor": 1.25}, "raytrace_mirror": {"reflect_factor": 0, "fresnel": 0, "fresnel_factor": 1.25}, "specular_color": [1, 1, 1], "specular_intensity": 0.5, "specular_shader": "COOKTORR", "specular_hardness": 50, "specular_slope": 0.1, "specular_toon_size": 0.5, "specular_toon_smooth": 0.1, "emit": 0.01, "ambient": 1, "use_vertex_color_paint": false, "b4w_water": false, "b4w_water_shore_smoothing": false, "b4w_water_absorb_factor": 6, "b4w_water_dynamic": false, "b4w_waves_height": 0, "b4w_waves_length": 10, "b4w_generated_mesh": false, "b4w_water_num_cascads": 5, "b4w_water_subdivs": 64, "b4w_water_detailed_dist": 1000, "b4w_water_fog_color": [0.5, 0.5, 0.5], "b4w_water_fog_density": 0.06, "b4w_foam_factor": 0.5, "b4w_shallow_water_col": [0, 0.8, 0.3], "b4w_shore_water_col": [0, 0.9, 0.2], "b4w_shallow_water_col_fac": 1, "b4w_shore_water_col_fac": 0.5, "b4w_water_dst_noise_scale0": 0.05, "b4w_water_dst_noise_scale1": 0.03, "b4w_water_dst_noise_freq0": 1.3, "b4w_water_dst_noise_freq1": 1, "b4w_water_dir_min_shore_fac": 0.4, "b4w_water_dir_freq": 0.5, "b4w_water_dir_noise_scale": 0.05, "b4w_water_dir_noise_freq": 0.07, "b4w_water_dir_min_noise_fac": 0.5, "b4w_water_dst_min_fac": 0.2, "b4w_water_waves_hor_fac": 5, "b4w_water_sss_strength": 1, "b4w_water_sss_width": 0.45, "b4w_water_norm_uv_velocity": 0.05, "b4w_terrain": false, "b4w_dynamic_grass_size": "", "b4w_dynamic_grass_color": "", "b4w_do_not_render": false, "b4w_collision": false, "b4w_use_ghost": false, "b4w_collision_id": "", "b4w_collision_group": 128, "b4w_collision_mask": 127, "b4w_double_sided_lighting": false, "b4w_wettable": false, "b4w_refractive": false, "b4w_refr_bump": 0.0010000000474974513, "b4w_render_above_all": false, "physics": {"friction": 0.5, "elasticity": 0}, "type": "SURFACE", "b4w_halo_sky_stars": false, "b4w_halo_stars_blend_height": 10.0, "b4w_halo_stars_min_height": 0.0, "halo": {"hardness": 50, "size": 0.5, "b4w_halo_rings_color": [1, 1, 1], "b4w_halo_lines_color": [1, 1, 1], "ring_count": 0, "line_count": 0, "star_tip_count": 0}, "use_transparency": false, "use_shadeless": false, "offset_z": 0, "game_settings": {"alpha_blend": "OPAQUE", "use_backface_culling": true}, "node_tree": null, "texture_slots": []}, {"name": "Material.001", "uuid": "2f5a80b950dd4bc029a5579804e415e4", "use_nodes": false, "diffuse_color": [0.8, 0.8, 0.8], "diffuse_shader": "LAMBERT", "roughness": 0.5, "diffuse_fresnel": 0.1, "diffuse_fresnel_factor": 0.5, "diffuse_intensity": 0.8, "alpha": 1, "specular_alpha": 1, "raytrace_transparency": {"fresnel": 0, "fresnel_factor": 1.25}, "raytrace_mirror": {"reflect_factor": 0, "fresnel": 0, "fresnel_factor": 1.25}, "specular_color": [1, 1, 1], "specular_intensity": 0.5, "specular_shader": "COOKTORR", "specular_hardness": 50, "specular_slope": 0.1, "specular_toon_size": 0.5, "specular_toon_smooth": 0.1, "emit": 0.02, "ambient": 1, "use_vertex_color_paint": false, "b4w_water": false, "b4w_water_shore_smoothing": false, "b4w_water_absorb_factor": 6, "b4w_water_dynamic": false, "b4w_waves_height": 0, "b4w_waves_length": 10, "b4w_generated_mesh": false, "b4w_water_num_cascads": 5, "b4w_water_subdivs": 64, "b4w_water_detailed_dist": 1000, "b4w_water_fog_color": [0.5, 0.5, 0.5], "b4w_water_fog_density": 0.06, "b4w_foam_factor": 0.5, "b4w_shallow_water_col": [0, 0.8, 0.3], "b4w_shore_water_col": [0, 0.9, 0.2], "b4w_shallow_water_col_fac": 1, "b4w_shore_water_col_fac": 0.5, "b4w_water_dst_noise_scale0": 0.05, "b4w_water_dst_noise_scale1": 0.03, "b4w_water_dst_noise_freq0": 1.3, "b4w_water_dst_noise_freq1": 1, "b4w_water_dir_min_shore_fac": 0.4, "b4w_water_dir_freq": 0.5, "b4w_water_dir_noise_scale": 0.05, "b4w_water_dir_noise_freq": 0.07, "b4w_water_dir_min_noise_fac": 0.5, "b4w_water_dst_min_fac": 0.2, "b4w_water_waves_hor_fac": 5, "b4w_water_sss_strength": 1, "b4w_water_sss_width": 0.45, "b4w_water_norm_uv_velocity": 0.05, "b4w_terrain": false, "b4w_dynamic_grass_size": "", "b4w_dynamic_grass_color": "", "b4w_do_not_render": false, "b4w_collision": true, "b4w_use_ghost": false, "b4w_collision_id": "", "b4w_collision_group": 128, "b4w_collision_mask": 127, "b4w_double_sided_lighting": false, "b4w_wettable": false, "b4w_refractive": false, "b4w_refr_bump": 0.0010000000474974513, "b4w_render_above_all": false, "physics": {"friction": 0.5, "elasticity": 0}, "type": "SURFACE", "b4w_halo_sky_stars": false, "b4w_halo_stars_blend_height": 10.0, "b4w_halo_stars_min_height": 0.0, "halo": {"hardness": 50, "size": 0.5, "b4w_halo_rings_color": [1, 1, 1], "b4w_halo_lines_color": [1, 1, 1], "ring_count": 0, "line_count": 0, "star_tip_count": 0}, "use_transparency": false, "use_shadeless": false, "offset_z": 0, "game_settings": {"alpha_blend": "OPAQUE", "use_backface_culling": true}, "node_tree": null, "texture_slots": []}, {"name": "Material", "uuid": "76b09dbbfd6aad2807be6181db6bd2e4", "use_nodes": false, "diffuse_color": [0.8, 0.8, 0.8], "diffuse_shader": "LAMBERT", "roughness": 0.5, "diffuse_fresnel": 0.1, "diffuse_fresnel_factor": 0.5, "diffuse_intensity": 0.8, "alpha": 1, "specular_alpha": 1, "raytrace_transparency": {"fresnel": 0, "fresnel_factor": 1.25}, "raytrace_mirror": {"reflect_factor": 0, "fresnel": 0, "fresnel_factor": 1.25}, "specular_color": [1, 1, 1], "specular_intensity": 0.5, "specular_shader": "COOKTORR", "specular_hardness": 50, "specular_slope": 0.1, "specular_toon_size": 0.5, "specular_toon_smooth": 0.1, "emit": 0.02, "ambient": 1, "use_vertex_color_paint": false, "b4w_water": false, "b4w_water_shore_smoothing": false, "b4w_water_absorb_factor": 6, "b4w_water_dynamic": false, "b4w_waves_height": 0, "b4w_waves_length": 10, "b4w_generated_mesh": false, "b4w_water_num_cascads": 5, "b4w_water_subdivs": 64, "b4w_water_detailed_dist": 1000, "b4w_water_fog_color": [0.5, 0.5, 0.5], "b4w_water_fog_density": 0.06, "b4w_foam_factor": 0.5, "b4w_shallow_water_col": [0, 0.8, 0.3], "b4w_shore_water_col": [0, 0.9, 0.2], "b4w_shallow_water_col_fac": 1, "b4w_shore_water_col_fac": 0.5, "b4w_water_dst_noise_scale0": 0.05, "b4w_water_dst_noise_scale1": 0.03, "b4w_water_dst_noise_freq0": 1.3, "b4w_water_dst_noise_freq1": 1, "b4w_water_dir_min_shore_fac": 0.4, "b4w_water_dir_freq": 0.5, "b4w_water_dir_noise_scale": 0.05, "b4w_water_dir_noise_freq": 0.07, "b4w_water_dir_min_noise_fac": 0.5, "b4w_water_dst_min_fac": 0.2, "b4w_water_waves_hor_fac": 5, "b4w_water_sss_strength": 1, "b4w_water_sss_width": 0.45, "b4w_water_norm_uv_velocity": 0.05, "b4w_terrain": false, "b4w_dynamic_grass_size": "", "b4w_dynamic_grass_color": "", "b4w_do_not_render": false, "b4w_collision": false, "b4w_use_ghost": false, "b4w_collision_id": "", "b4w_collision_group": 128, "b4w_collision_mask": 127, "b4w_double_sided_lighting": false, "b4w_wettable": false, "b4w_refractive": false, "b4w_refr_bump": 0.0010000000474974513, "b4w_render_above_all": false, "physics": {"friction": 0.5, "elasticity": 0}, "type": "SURFACE", "b4w_halo_sky_stars": false, "b4w_halo_stars_blend_height": 10.0, "b4w_halo_stars_min_height": 0.0, "halo": {"hardness": 50, "size": 0.5, "b4w_halo_rings_color": [1, 1, 1], "b4w_halo_lines_color": [1, 1, 1], "ring_count": 0, "line_count": 0, "star_tip_count": 0}, "use_transparency": false, "use_shadeless": false, "offset_z": 0, "game_settings": {"alpha_blend": "OPAQUE", "use_backface_culling": true}, "node_tree": null, "texture_slots": [{"texture_coords": "ORCO", "uv_layer": "", "use_map_color_diffuse": true, "diffuse_color_factor": 1, "use_map_alpha": false, "alpha_factor": 1, "use_map_color_spec": false, "specular_color_factor": 1, "use_map_normal": false, "normal_factor": 1, "use_map_mirror": false, "mirror_factor": 1, "use_rgb_to_intensity": false, "use_stencil": false, "offset": [0, 0, 0], "scale": [1, 1, 1], "blend_type": "MIX", "texture": {"uuid": "83a616815947c91de1ec477bb3eb8ba8"}}]}], "meshes": [{"name": "Cube.001", "uuid": "8d2ee35c9d143a42496bf2c662872f3c", "materials": [{"uuid": "47525147456a6c461fa9782bd1202c77"}], "b4w_vertex_anim": [], "vertex_groups": [], "uv_textures": [], "active_vcol_name": null, "submeshes": [{"base_length": 24, "indices": [0, 36], "normal": [0, 72], "tangent": [0, 0], "color": [0, 0], "group": [0, 0], "position": [0, 72], "texcoord": [0, 0], "texcoord2": [0, 0], "vertex_colors": []}], "b4w_bounding_box": {"max_x": 1, "max_y": 1, "max_z": 1, "min_x": -1, "min_y": -1, "min_z": -1}, "b4w_bounding_sphere_radius": 1.928, "b4w_bounding_cylinder_radius": 1.489, "b4w_bounding_sphere_center": [-0.146, -0.174, -0.013], "b4w_bounding_cylinder_center": [-0.085, 0, -0.021], "b4w_bounding_ellipsoid_axes": [1.928, 1.928, 1.928], "b4w_bounding_ellipsoid_center": [-0.146, -0.174, -0.013]}, {"name": "Sphere.001", "uuid": "4a899f9c9948f691f4d39d7f441d296b", "materials": [{"uuid": "2f5a80b950dd4bc029a5579804e415e4"}], "b4w_vertex_anim": [], "vertex_groups": [], "uv_textures": [], "active_vcol_name": null, "submeshes": [{"base_length": 482, "indices": [36, 2880], "normal": [72, 1446], "tangent": [0, 0], "color": [0, 0], "group": [0, 0], "position": [72, 1446], "texcoord": [0, 0], "texcoord2": [0, 0], "vertex_colors": []}], "b4w_bounding_box": {"max_x": 1, "max_y": 1, "max_z": 1, "min_x": -1, "min_y": -1, "min_z": -1}, "b4w_bounding_sphere_radius": 1, "b4w_bounding_cylinder_radius": 1, "b4w_bounding_sphere_center": [0, 0, 0], "b4w_bounding_cylinder_center": [0, 0, 0], "b4w_bounding_ellipsoid_axes": [1, 1, 1], "b4w_bounding_ellipsoid_center": [0, 0, 0]}, {"name": "Sphere", "uuid": "216773c10120805f61a3e2c549ec7c72", "materials": [{"uuid": "2f5a80b950dd4bc029a5579804e415e4"}], "b4w_vertex_anim": [], "vertex_groups": [], "uv_textures": [], "active_vcol_name": null, "submeshes": [{"base_length": 482, "indices": [2916, 2880], "normal": [1518, 1446], "tangent": [0, 0], "color": [0, 0], "group": [0, 0], "position": [1518, 1446], "texcoord": [0, 0], "texcoord2": [0, 0], "vertex_colors": []}], "b4w_bounding_box": {"max_x": 1, "max_y": 1, "max_z": 1, "min_x": -1, "min_y": -1, "min_z": -1}, "b4w_bounding_sphere_radius": 1, "b4w_bounding_cylinder_radius": 1, "b4w_bounding_sphere_center": [0, 0, 0], "b4w_bounding_cylinder_center": [0, 0, 0], "b4w_bounding_ellipsoid_axes": [1, 1, 1], "b4w_bounding_ellipsoid_center": [0, 0, 0]}, {"name": "Cube", "uuid": "ffd2623e58addd94bf7d85f471b7551b", "materials": [{"uuid": "76b09dbbfd6aad2807be6181db6bd2e4"}], "b4w_vertex_anim": [], "vertex_groups": [], "uv_textures": [], "active_vcol_name": null, "submeshes": [{"base_length": 24, "indices": [5796, 36], "normal": [2964, 72], "tangent": [0, 0], "color": [0, 0], "group": [0, 0], "position": [2964, 72], "texcoord": [0, 0], "texcoord2": [0, 0], "vertex_colors": []}], "b4w_bounding_box": {"max_x": 1, "max_y": 1, "max_z": 1, "min_x": -1, "min_y": -1, "min_z": -1}, "b4w_bounding_sphere_radius": 1.928, "b4w_bounding_cylinder_radius": 1.489, "b4w_bounding_sphere_center": [0.146, -0.174, 0.013], "b4w_bounding_cylinder_center": [0.085, 0, 0.021], "b4w_bounding_ellipsoid_axes": [1.928, 1.928, 1.928], "b4w_bounding_ellipsoid_center": [0.146, -0.174, 0.013]}], "armatures": [], "cameras": [{"name": "Camera", "uuid": "dc0591c2c6aa3aa864336ece4978ab62", "type": "PERSP", "angle": 0.857556, "angle_y": 0.50338, "ortho_scale": 7.314, "clip_start": 0.1, "clip_end": 100, "dof_distance": 0, "b4w_dof_front": 1, "b4w_dof_rear": 1, "b4w_dof_power": 3, "b4w_move_style": "TARGET", "b4w_trans_velocity": 1, "b4w_rot_velocity": 1, "b4w_zoom_velocity": 0.1, "b4w_use_distance_limits": false, "b4w_distance_min": 1, "b4w_distance_max": 100, "b4w_use_horizontal_clamping": false, "b4w_rotation_left_limit": -3.141593, "b4w_rotation_right_limit": 3.141593, "b4w_horizontal_clamping_type": "LOCAL", "b4w_use_vertical_clamping": false, "b4w_rotation_down_limit": -1.570796, "b4w_rotation_up_limit": 1.570796, "b4w_vertical_clamping_type": "LOCAL", "b4w_horizontal_translation_min": -100, "b4w_horizontal_translation_max": 100, "b4w_vertical_translation_min": -100, "b4w_vertical_translation_max": 100, "b4w_hover_angle_min": 0, "b4w_hover_angle_max": 1.570796, "b4w_enable_hover_hor_rotation": true, "b4w_use_panning": true, "b4w_target": [0, 0, 0], "dof_object": null}], "curves": [], "lamps": [{"name": "Lamp", "uuid": "c33cf93ed4c9abbb4443f8b7427aa86f", "type": "POINT", "energy": 1, "distance": 30, "use_diffuse": true, "use_specular": true, "falloff_type": "INVERSE_SQUARE", "spot_size": null, "spot_blend": null, "b4w_generate_shadows": false, "b4w_dynamic_intensity": false, "color": [1, 1, 1]}], "sounds": [], "speakers": [], "particles": [], "objects": [{"name": "Cube.001", "uuid": "b0917ef7b041e5c511b8580217c4e617", "type": "MESH", "body_text": null, "data": {"uuid": "8d2ee35c9d143a42496bf2c662872f3c"}, "proxy": null, "dupli_group": null, "parent": null, "parent_type": "OBJECT", "parent_bone": "", "modifiers": [], "constraints": [], "particle_systems": [], "animation_data": null, "b4w_do_not_batch": false, "b4w_dynamic_geometry": false, "b4w_do_not_cull": false, "b4w_disable_fogging": false, "b4w_do_not_render": false, "b4w_shadow_cast": false, "b4w_shadow_receive": true, "b4w_reflexible": false, "b4w_reflexible_only": false, "b4w_reflective": false, "b4w_caustics": false, "b4w_wind_bending": false, "b4w_wind_bending_angle": 10, "b4w_wind_bending_freq": 0.25, "b4w_detail_bending_amp": 0.1, "b4w_detail_bending_freq": 1, "b4w_branch_bending_amp": 0.3, "b4w_main_bend_stiffness_col": "", "b4w_detail_bend_colors": {"leaves_stiffness_col": "", "leaves_phase_col": "", "overall_stiffness_col": ""}, "b4w_lod_transition": 0.01, "lod_levels": [], "b4w_proxy_inherit_anim": true, "b4w_group_relative": false, "b4w_selectable": false, "b4w_billboard": false, "b4w_billboard_geometry": "SPHERICAL", "b4w_glow_settings": {"glow_duration": 1, "glow_period": 1, "glow_relapses": 0}, "b4w_use_default_animation": false, "b4w_anim_behavior": "FINISH_STOP", "b4w_animation_mixing": false, "b4w_collision": true, "b4w_collision_id": "", "b4w_shadow_cast_only": false, "b4w_vehicle": false, "b4w_vehicle_settings": null, "b4w_character": false, "b4w_character_settings": null, "b4w_floating": false, "b4w_floating_settings": null, "b4w_correct_bounding_offset": "ON", "game": {"physics_type": "STATIC", "use_ghost": false, "use_sleep": false, "mass": 1, "velocity_min": 0, "velocity_max": 0, "damping": 0.04, "rotation_damping": 0.1, "lock_location_x": false, "lock_location_y": false, "lock_location_z": false, "lock_rotation_x": false, "lock_rotation_y": false, "lock_rotation_z": false, "collision_group": 1, "collision_mask": 255, "use_collision_bounds": true, "collision_bounds_type": "BOX", "use_collision_compound": false}, "pose": null, "field": null, "location": [0, -1.17215, 0], "rotation_quaternion": [1, 0, 0, 0], "scale": [-11.38643, 0.08613, -11.38643], "b4w_object_tags": null}, {"name": "balle", "uuid": "6e8ffc0c0290f15d82c29b9a402142bb", "type": "MESH", "body_text": null, "data": {"uuid": "4a899f9c9948f691f4d39d7f441d296b"}, "proxy": null, "dupli_group": null, "parent": null, "parent_type": "OBJECT", "parent_bone": "", "modifiers": [], "constraints": [], "particle_systems": [], "animation_data": {"action": null, "nla_tracks": []}, "b4w_do_not_batch": false, "b4w_dynamic_geometry": false, "b4w_do_not_cull": false, "b4w_disable_fogging": false, "b4w_do_not_render": true, "b4w_shadow_cast": true, "b4w_shadow_receive": true, "b4w_reflexible": false, "b4w_reflexible_only": false, "b4w_reflective": false, "b4w_caustics": false, "b4w_wind_bending": false, "b4w_wind_bending_angle": 10, "b4w_wind_bending_freq": 0.25, "b4w_detail_bending_amp": 0.1, "b4w_detail_bending_freq": 1, "b4w_branch_bending_amp": 0.3, "b4w_main_bend_stiffness_col": "", "b4w_detail_bend_colors": {"leaves_stiffness_col": "", "leaves_phase_col": "", "overall_stiffness_col": ""}, "b4w_lod_transition": 0.01, "lod_levels": [], "b4w_proxy_inherit_anim": true, "b4w_group_relative": false, "b4w_selectable": true, "b4w_billboard": false, "b4w_billboard_geometry": "SPHERICAL", "b4w_glow_settings": {"glow_duration": 1, "glow_period": 1, "glow_relapses": 0}, "b4w_use_default_animation": false, "b4w_anim_behavior": "FINISH_STOP", "b4w_animation_mixing": false, "b4w_collision": true, "b4w_collision_id": "", "b4w_shadow_cast_only": false, "b4w_vehicle": false, "b4w_vehicle_settings": null, "b4w_character": false, "b4w_character_settings": null, "b4w_floating": false, "b4w_floating_settings": null, "b4w_correct_bounding_offset": "AUTO", "game": {"physics_type": "DYNAMIC", "use_ghost": false, "use_sleep": false, "mass": 1, "velocity_min": 0, "velocity_max": 0, "damping": 0.04, "rotation_damping": 0.1, "lock_location_x": false, "lock_location_y": false, "lock_location_z": false, "lock_rotation_x": false, "lock_rotation_y": false, "lock_rotation_z": false, "collision_group": 1, "collision_mask": 255, "use_collision_bounds": true, "collision_bounds_type": "SPHERE", "use_collision_compound": false}, "pose": null, "field": null, "location": [-1.024, 1.92037, 3.23208], "rotation_quaternion": [1, 0, 0, 0], "scale": [0.45525, 0.45525, 0.45525], "b4w_object_tags": null}, {"name": "Sphere", "uuid": "47d698a1e2c1807b32ddfd05c183c952", "type": "MESH", "body_text": null, "data": {"uuid": "216773c10120805f61a3e2c549ec7c72"}, "proxy": null, "dupli_group": null, "parent": null, "parent_type": "OBJECT", "parent_bone": "", "modifiers": [], "constraints": [], "particle_systems": [], "animation_data": {"action": {"uuid": "26f99bdf4c4efb2343784ab437cdb34e"}, "nla_tracks": []}, "b4w_do_not_batch": false, "b4w_dynamic_geometry": false, "b4w_do_not_cull": false, "b4w_disable_fogging": false, "b4w_do_not_render": false, "b4w_shadow_cast": true, "b4w_shadow_receive": true, "b4w_reflexible": false, "b4w_reflexible_only": false, "b4w_reflective": false, "b4w_caustics": false, "b4w_wind_bending": false, "b4w_wind_bending_angle": 10, "b4w_wind_bending_freq": 0.25, "b4w_detail_bending_amp": 0.1, "b4w_detail_bending_freq": 1, "b4w_branch_bending_amp": 0.3, "b4w_main_bend_stiffness_col": "", "b4w_detail_bend_colors": {"leaves_stiffness_col": "", "leaves_phase_col": "", "overall_stiffness_col": ""}, "b4w_lod_transition": 0.01, "lod_levels": [], "b4w_proxy_inherit_anim": true, "b4w_group_relative": false, "b4w_selectable": true, "b4w_billboard": false, "b4w_billboard_geometry": "SPHERICAL", "b4w_glow_settings": {"glow_duration": 1, "glow_period": 1, "glow_relapses": 0}, "b4w_use_default_animation": false, "b4w_anim_behavior": "FINISH_STOP", "b4w_animation_mixing": false, "b4w_collision": false, "b4w_collision_id": "", "b4w_shadow_cast_only": false, "b4w_vehicle": false, "b4w_vehicle_settings": null, "b4w_character": false, "b4w_character_settings": null, "b4w_floating": false, "b4w_floating_settings": null, "b4w_correct_bounding_offset": "AUTO", "game": {"physics_type": "STATIC", "use_ghost": false, "use_sleep": false, "mass": 1, "velocity_min": 0, "velocity_max": 0, "damping": 0.04, "rotation_damping": 0.1, "lock_location_x": false, "lock_location_y": false, "lock_location_z": false, "lock_rotation_x": false, "lock_rotation_y": false, "lock_rotation_z": false, "collision_group": 1, "collision_mask": 255, "use_collision_bounds": false, "collision_bounds_type": "BOX", "use_collision_compound": false}, "pose": null, "field": null, "location": [4.46447, 1.92037, 1.09555], "rotation_quaternion": [1, 0, 0, 0], "scale": [1, 1, 1], "b4w_object_tags": null}, {"name": "Cube", "uuid": "67f7a46bfa49ad77dc3b8411678a11a8", "type": "MESH", "body_text": null, "data": {"uuid": "ffd2623e58addd94bf7d85f471b7551b"}, "proxy": null, "dupli_group": null, "parent": null, "parent_type": "OBJECT", "parent_bone": "", "modifiers": [], "constraints": [], "particle_systems": [], "animation_data": {"action": {"uuid": "33a49043c1ef0b4ee9c4fb3451477ee0"}, "nla_tracks": []}, "b4w_do_not_batch": false, "b4w_dynamic_geometry": false, "b4w_do_not_cull": false, "b4w_disable_fogging": false, "b4w_do_not_render": false, "b4w_shadow_cast": true, "b4w_shadow_receive": true, "b4w_reflexible": false, "b4w_reflexible_only": false, "b4w_reflective": false, "b4w_caustics": false, "b4w_wind_bending": false, "b4w_wind_bending_angle": 10, "b4w_wind_bending_freq": 0.25, "b4w_detail_bending_amp": 0.1, "b4w_detail_bending_freq": 1, "b4w_branch_bending_amp": 0.3, "b4w_main_bend_stiffness_col": "", "b4w_detail_bend_colors": {"leaves_stiffness_col": "", "leaves_phase_col": "", "overall_stiffness_col": ""}, "b4w_lod_transition": 0.01, "lod_levels": [], "b4w_proxy_inherit_anim": true, "b4w_group_relative": false, "b4w_selectable": true, "b4w_billboard": false, "b4w_billboard_geometry": "SPHERICAL", "b4w_glow_settings": {"glow_duration": 1, "glow_period": 1, "glow_relapses": 0}, "b4w_use_default_animation": false, "b4w_anim_behavior": "FINISH_RESET", "b4w_animation_mixing": false, "b4w_collision": false, "b4w_collision_id": "", "b4w_shadow_cast_only": false, "b4w_vehicle": false, "b4w_vehicle_settings": null, "b4w_character": false, "b4w_character_settings": null, "b4w_floating": false, "b4w_floating_settings": null, "b4w_correct_bounding_offset": "AUTO", "game": {"physics_type": "STATIC", "use_ghost": false, "use_sleep": false, "mass": 1, "velocity_min": 0, "velocity_max": 0, "damping": 0.025, "rotation_damping": 0.159, "lock_location_x": false, "lock_location_y": false, "lock_location_z": false, "lock_rotation_x": false, "lock_rotation_y": false, "lock_rotation_z": false, "collision_group": 1, "collision_mask": 255, "use_collision_bounds": false, "collision_bounds_type": "BOX", "use_collision_compound": false}, "pose": null, "field": null, "location": [0, 0, 0], "rotation_quaternion": [1, 0, 0, 0], "scale": [1, 1, 1], "b4w_object_tags": null}, {"name": "Lamp", "uuid": "ff7f0bcf5ba6234fd35faffab3f8aac4", "type": "LAMP", "body_text": null, "data": {"uuid": "c33cf93ed4c9abbb4443f8b7427aa86f"}, "proxy": null, "dupli_group": null, "parent": null, "parent_type": "OBJECT", "parent_bone": "", "modifiers": [], "constraints": [], "particle_systems": [], "animation_data": {"action": null, "nla_tracks": []}, "b4w_do_not_batch": false, "b4w_dynamic_geometry": false, "b4w_do_not_cull": false, "b4w_disable_fogging": false, "b4w_do_not_render": false, "b4w_shadow_cast": false, "b4w_shadow_receive": false, "b4w_reflexible": false, "b4w_reflexible_only": false, "b4w_reflective": false, "b4w_caustics": false, "b4w_wind_bending": false, "b4w_wind_bending_angle": 10, "b4w_wind_bending_freq": 0.25, "b4w_detail_bending_amp": 0.1, "b4w_detail_bending_freq": 1, "b4w_branch_bending_amp": 0.3, "b4w_main_bend_stiffness_col": "", "b4w_detail_bend_colors": {"leaves_stiffness_col": "", "leaves_phase_col": "", "overall_stiffness_col": ""}, "b4w_lod_transition": 0.01, "lod_levels": [], "b4w_proxy_inherit_anim": true, "b4w_group_relative": false, "b4w_selectable": false, "b4w_billboard": false, "b4w_billboard_geometry": "SPHERICAL", "b4w_glow_settings": {"glow_duration": 1, "glow_period": 1, "glow_relapses": 0}, "b4w_use_default_animation": false, "b4w_anim_behavior": "FINISH_STOP", "b4w_animation_mixing": false, "b4w_collision": false, "b4w_collision_id": "", "b4w_shadow_cast_only": false, "b4w_vehicle": false, "b4w_vehicle_settings": null, "b4w_character": false, "b4w_character_settings": null, "b4w_floating": false, "b4w_floating_settings": null, "b4w_correct_bounding_offset": "AUTO", "game": {"physics_type": "STATIC", "use_ghost": false, "use_sleep": false, "mass": 1, "velocity_min": 0, "velocity_max": 0, "damping": 0.025, "rotation_damping": 0.159, "lock_location_x": false, "lock_location_y": false, "lock_location_z": false, "lock_rotation_x": false, "lock_rotation_y": false, "lock_rotation_z": false, "collision_group": 1, "collision_mask": 255, "use_collision_bounds": false, "collision_bounds_type": "BOX", "use_collision_compound": false}, "pose": null, "field": null, "location": [2.73124, 4.25804, 3.19456], "rotation_quaternion": [0.57095, 0.16908, 0.75588, -0.27217], "scale": [1, 1, 1], "b4w_object_tags": null}, {"name": "Camera", "uuid": "634a19f9a074d66670008c7e29cd4c5a", "type": "CAMERA", "body_text": null, "data": {"uuid": "dc0591c2c6aa3aa864336ece4978ab62"}, "proxy": null, "dupli_group": null, "parent": null, "parent_type": "OBJECT", "parent_bone": "", "modifiers": [], "constraints": [], "particle_systems": [], "animation_data": null, "b4w_do_not_batch": false, "b4w_dynamic_geometry": false, "b4w_do_not_cull": false, "b4w_disable_fogging": false, "b4w_do_not_render": false, "b4w_shadow_cast": false, "b4w_shadow_receive": false, "b4w_reflexible": false, "b4w_reflexible_only": false, "b4w_reflective": false, "b4w_caustics": false, "b4w_wind_bending": false, "b4w_wind_bending_angle": 10, "b4w_wind_bending_freq": 0.25, "b4w_detail_bending_amp": 0.1, "b4w_detail_bending_freq": 1, "b4w_branch_bending_amp": 0.3, "b4w_main_bend_stiffness_col": "", "b4w_detail_bend_colors": {"leaves_stiffness_col": "", "leaves_phase_col": "", "overall_stiffness_col": ""}, "b4w_lod_transition": 0.01, "lod_levels": [], "b4w_proxy_inherit_anim": true, "b4w_group_relative": false, "b4w_selectable": false, "b4w_billboard": false, "b4w_billboard_geometry": "SPHERICAL", "b4w_glow_settings": {"glow_duration": 1, "glow_period": 1, "glow_relapses": 0}, "b4w_use_default_animation": false, "b4w_anim_behavior": "FINISH_STOP", "b4w_animation_mixing": false, "b4w_collision": false, "b4w_collision_id": "", "b4w_shadow_cast_only": false, "b4w_vehicle": false, "b4w_vehicle_settings": null, "b4w_character": false, "b4w_character_settings": null, "b4w_floating": false, "b4w_floating_settings": null, "b4w_correct_bounding_offset": "AUTO", "game": {"physics_type": "STATIC", "use_ghost": false, "use_sleep": false, "mass": 1, "velocity_min": 0, "velocity_max": 0, "damping": 0.566, "rotation_damping": 0.626, "lock_location_x": false, "lock_location_y": false, "lock_location_z": false, "lock_rotation_x": false, "lock_rotation_y": false, "lock_rotation_z": false, "collision_group": 1, "collision_mask": 255, "use_collision_bounds": false, "collision_bounds_type": "BOX", "use_collision_compound": false}, "pose": null, "field": null, "location": [7.48113, 5.34367, 6.50764], "rotation_quaternion": [0.7816, 0.48171, 0.33425, -0.21292], "scale": [1, 1, 1], "b4w_object_tags": null}], "groups": [], "scenes": [{"name": "Scene", "uuid": "cf721625ddb3197a5be044f6d5600600", "b4w_use_nla": false, "b4w_nla_cyclic": true, "b4w_nla_script": [], "b4w_enable_audio": true, "b4w_enable_dynamic_compressor": false, "b4w_dynamic_compressor_settings": {"threshold": -24, "knee": 30, "ratio": 12, "attack": 0.003, "release": 0.25}, "b4w_enable_convolution_engine": false, "b4w_enable_physics": true, "b4w_render_shadows": true, "b4w_render_reflections": true, "b4w_render_refractions": false, "b4w_enable_god_rays": false, "b4w_enable_ssao": false, "b4w_batch_grid_size": 0, "b4w_anisotropic_filtering": "OFF", "b4w_enable_bloom": false, "b4w_enable_motion_blur": false, "b4w_enable_color_correction": false, "b4w_enable_antialiasing": true, "b4w_tags": null, "objects": [{"uuid": "b0917ef7b041e5c511b8580217c4e617"}, {"uuid": "6e8ffc0c0290f15d82c29b9a402142bb"}, {"uuid": "47d698a1e2c1807b32ddfd05c183c952"}, {"uuid": "67f7a46bfa49ad77dc3b8411678a11a8"}, {"uuid": "ff7f0bcf5ba6234fd35faffab3f8aac4"}, {"uuid": "634a19f9a074d66670008c7e29cd4c5a"}], "camera": {"uuid": "634a19f9a074d66670008c7e29cd4c5a"}, "world": {"uuid": "621c916d8722035db8989b41d8705a26"}, "frame_start": 1, "frame_end": 250, "fps": 24, "audio_volume": 1, "audio_doppler_speed": 343.3, "audio_doppler_factor": 1}], "worlds": [{"name": "World", "uuid": "621c916d8722035db8989b41d8705a26", "texture_slots": [], "horizon_color": [0.0509, 0.0509, 0.0509], "zenith_color": [0.01, 0.01, 0.01], "light_settings": {"use_environment_light": false, "environment_energy": 1, "environment_color": "PLAIN"}, "b4w_shadow_settings": {"csm_resolution": 2048, "self_shadow_polygon_offset": 1, "self_shadow_normal_offset": 0.01, "b4w_enable_csm": false, "csm_num": 1, "csm_first_cascade_border": 10, "first_cascade_blur_radius": 3, "csm_last_cascade_border": 100, "last_cascade_blur_radius": 1.5, "fade_last_cascade": true, "blend_between_cascades": true}, "b4w_god_rays_settings": {"intensity": 0.7, "max_ray_length": 1, "steps_per_pass": 10}, "b4w_ssao_settings": {"radius_increase": 3, "hemisphere": false, "blur_depth": false, "blur_discard_value": 1, "influence": 0.7, "dist_factor": 0, "samples": 16}, "b4w_color_correction_settings": {"brightness": 0, "contrast": 0, "exposure": 1, "saturation": 1}, "b4w_sky_settings": {"reflexible": false, "reflexible_only": false, "procedural_skydome": false, "use_as_environment_lighting": false, "color": [0.087, 0.255, 0.6], "rayleigh_brightness": 3.3, "mie_brightness": 0.1, "spot_brightness": 20, "scatter_strength": 0.2, "rayleigh_strength": 0.2, "mie_strength": 0.006, "rayleigh_collection_power": 0.35, "mie_collection_power": 0.5, "mie_distribution": 0.4}, "b4w_bloom_settings": {"key": 1, "blur": 4, "edge_lum": 1}, "b4w_motion_blur_settings": {"motion_blur_factor": 0.01, "motion_blur_decay_threshold": 0.01}, "b4w_glow_color": [1, 1, 1], "b4w_glow_factor": 1, "b4w_fog_color": [0.5, 0.5, 0.5], "b4w_fog_density": 0}], "node_groups": [], "binaries": [{"binfile": "nlas.bin", "int": 0, "float": 23328, "short": 36240, "ushort": 42312}], "b4w_export_warnings": [], "b4w_export_errors": []}